status,country,from_name,to_name,reason,score,occurrences,sample_files,,
approve,AUT,Bonek Jannis,Jannis Bonek,iof-exact,exact,3,"2017/long.csv, 2017/relay.csv, 2017/sprint.csv",,
approve,AUT,Gassner Jasmina,Jasmina Gassner,iof-exact,exact,3,"2017/long.csv, 2017/relay.csv, 2017/sprint.csv",,
approve,AUT,Holper Leo,Leo Holper,iof-exact,exact,3,"2017/long.csv, 2017/relay.csv, 2017/sprint.csv",,
approve,AUT,Kastner Ylvi,Ylvi Kastner,iof-exact,exact,3,"2017/long.csv, 2017/relay.csv, 2017/sprint.csv",,
approve,AUT,Novak Lukas,Lukas Novak,iof-exact,exact,3,"2017/long.csv, 2017/relay.csv, 2017/sprint.csv",,
approve,AUT,Arbter Anja,Anja Arbter,iof-exact,exact,1,2010/relay.csv,,
approve,AUT,Habenicht Tobias,Tobias Habenicht,iof-exact,exact,1,2010/relay.csv,,
approve,AUT,Reiner Matthias,Matthias Reiner,iof-exact,exact,1,2010/relay.csv,,
approve,AUT,Schiel Philipp,Philipp Schiel,iof-exact,exact,1,2010/relay.csv,,
approve,BEL,Rune de Clercq,Rune De Clercq,iof-exact,exact,6,"2022/long.csv, 2022/relay.csv, 2022/sprint.csv, 2023/long.csv",,
approve,BEL,Ems de Smul,Ems De Smul,iof-exact,exact,5,"2016/long.csv, 2016/relay.csv, 2018/long.csv, 2018/relay.csv",,
approve,BEL,Michael van Baelen,Michael Van Baelen,iof-exact,exact,5,"2008/long.csv, 2008/relay.csv, 2008/sprint.csv, 2010/long.csv",,
approve,BEL,Clercq Rune de,Rune De Clercq,iof-exact,exact,3,"2021/long.csv, 2021/relay.csv, 2021/sprint.csv",,
approve,BEL,Ems Desmul,Ems De Smul,iof-exact,exact,3,"2015/long.csv, 2015/relay.csv, 2015/sprint.csv",,
approve,BEL,Mats de Smul,Mats De Smul,iof-exact,exact,3,"2022/long.csv, 2022/relay.csv, 2022/sprint.csv",,
approve,BEL,Sillien Marine,Marine Sillien,iof-exact,exact,3,"2017/long.csv, 2017/relay.csv, 2017/sprint.csv",,
approve,BEL,Thiels Liam,Liam Thiels,iof-exact,exact,3,"2017/long.csv, 2017/relay.csv, 2017/sprint.csv",,
approve,BEL,Tille de Smul,Tille De Smul,iof-exact,exact,3,"2022/long.csv, 2022/relay.csv, 2022/sprint.csv",,
approve,BEL,de Smul Ems,Ems De Smul,iof-exact,exact,3,"2017/long.csv, 2017/relay.csv, 2017/sprint.csv",,
approve,BEL,Wout Keupens,Wout Keuppens,iof-exact,exact,2,"2015/long.csv, 2015/relay.csv",,
approve,BEL,Defraigne Laurence,Laurence Defraigne,iof-exact,exact,1,2017/long.csv,,
approve,BEL,Michael Vanbaelen,Michael Van Baelen,iof-exact,exact,1,2010/relay.csv,,
approve,BUL,Boris Josifov,Boris Yosifov,iof-exact,exact,2,"2008/long.csv, 2008/sprint.csv",,
approve,BUL,Stefan Jordanov,Stefan Yordanov,iof-exact,exact,2,"2014/long.csv, 2014/sprint.csv",,
approve,BUL,Andreaya Dyaksova,Andreya Dyaksova,iof-exact,exact,1,2014/relay.csv,,
approve,BUL,Evangelin Dyaksova,Evangelina Dyaksova,iof-exact,exact,1,2016/relay.csv,,
approve,BUL,Tsveta Llieva,Tsveta Ilieva,iof-exact,exact,1,2014/relay.csv,,
approve,CZE,Jona? Hubacek,Jonas Hubacek,iof-exact,exact,2,"2010/long.csv, 2010/sprint.csv",,
approve,CZE,Matij Klusacek,Matej Klusacek,iof-exact,exact,1,2006/relay.csv,,
approve,DEN,Frida Kaerner Grooss,Frida Karner Grooss,iof-exact,exact,3,"2022/long.csv, 2022/relay.csv, 2022/sprint.csv",,
approve,DEN,Hornbaek Laura Kaldahl,Laura Kaldahl Hornbaek,iof-exact,exact,3,"2021/long.csv, 2021/relay.csv, 2021/sprint.csv",,
approve,DEN,Mikkel Srrensen,Mikkel Sorensen,iof-exact,exact,2,"2010/long.csv, 2010/sprint.csv",,
approve,DEN,Anton Werner Lohndo,Anton Werner Lohndorf,iof-exact,exact,1,2017/relay.csv,,
approve,DEN,Asbjolrn Faber Fenger Groen,Asbjoern Faber Fenger Groen,iof-exact,exact,1,2022/long.csv,,
approve,ESP,Diaz Alejandro Garrido,Alejandro Garrido Diaz,iof-exact,exact,3,"2021/long.csv, 2021/relay.csv, 2021/sprint.csv",,
approve,ESP,Font Jan Amat,Jan Amat Font,iof-exact,exact,3,"2021/long.csv, 2021/relay.csv, 2021/sprint.csv",,
approve,ESP,Garcia Castro Marina,Marina Garcia Castro,iof-exact,exact,3,"2011/long.csv, 2011/relay.csv, 2011/sprint.csv",,
approve,ESP,Guijo Alonso Marta,Marta Guijo Alonso,iof-exact,exact,3,"2011/long.csv, 2011/relay.csv, 2011/sprint.csv",,
approve,ESP,Olias Gonzalo Zorrilla,Gonzalo Zorrilla Olias,iof-exact,exact,3,"2021/long.csv, 2021/relay.csv, 2021/sprint.csv",,
approve,ESP,Patino Deniz Carmen,Carmen Patino Deniz,iof-exact,exact,3,"2011/long.csv, 2011/relay.csv, 2011/sprint.csv",,
approve,ESP,Sanjaume Guinedell Faja,Guinedell Faja Sanjaume,iof-exact,exact,3,"2021/long.csv, 2021/relay.csv, 2021/sprint.csv",,
approve,ESP,Diaz Mateo Rodriguez,Mateo Rodriguez Diaz,iof-exact,exact,2,"2021/long.csv, 2021/sprint.csv",,
approve,ESP,Gil Marcos Eduardo,Eduardo Gil Marcos,iof-exact,exact,2,"2011/long.csv, 2011/relay.csv",,
approve,ESP,Miguel Armisen Monica de,Monica de Miguel Armisen,iof-exact,exact,2,"2021/long.csv, 2021/sprint.csv",,
approve,ESP,Rafols Perramon Biel,Biel Rafols Perramon,iof-exact,exact,2,"2003/long.csv, 2003/sprint.csv",,
approve,ESP,Ana Defez Cernichar,Ana Defez Cernicharo,iof-exact,exact,1,2017/relay.csv,,
approve,ESP,Monica de Miguel Armise,Monica de Miguel Armisen,iof-exact,exact,1,2022/sprint.csv,,
approve,EST,Kerstin Uibouppin,Kerstin Uiboupin,iof-exact,exact,5,"2007/long.csv, 2007/sprint.csv, 2008/long.csv, 2008/relay.csv",,
approve,EST,Kristjan-Martin Kirjanen,Kristjan Martin Kirjanen,iof-exact,exact,4,"2009/long.csv, 2009/relay.csv, 2009/sprint.csv, 2010/relay.csv",,
approve,EST,Madli-Johanna Maidla,Madli Johanna Maidla,iof-exact,exact,4,"2010/relay.csv, 2012/long.csv, 2012/relay.csv, 2012/sprint.csv",,
approve,EST,Uku-Laur Tali,Uku Laur Tali,iof-exact,exact,1,2010/relay.csv,,
approve,FIN,Anni Makihokkonen,Anni MakiHokkonen,iof-exact,exact,6,"2024/long.csv, 2024/relay.csv, 2024/sprint.csv, 2025/long.csv",,
approve,FIN,Karolina Ukskoski,Karoliina Ukskoski,iof-exact,exact,1,2014/relay.csv,,
approve,FIN,Leenukk Hanhijarvi,Leenukka Hanhijarvi,iof-exact,exact,1,2016/relay.csv,,
approve,FRA,Elias Guilhem,Guilhem Elias,iof-exact,exact,3,"2017/long.csv, 2017/relay.csv, 2017/sprint.csv",,
approve,FRA,Emilie Backsheider,Emilie Backscheider,iof-exact,exact,3,"2010/long.csv, 2010/relay.csv, 2010/sprint.csv",,
approve,FRA,Lataste Lucie,Lucie Lataste,iof-exact,exact,3,"2017/long.csv, 2017/relay.csv, 2017/sprint.csv",,
approve,FRA,Lesquer Romane,Romane Lesquer,iof-exact,exact,3,"2017/long.csv, 2017/relay.csv, 2017/sprint.csv",,
approve,FRA,Lodc Marty,Loic Marty,iof-exact,exact,3,"2012/long.csv, 2012/relay.csv, 2012/sprint.csv",,
approve,FRA,Palcau Alina,Alina Palcau,iof-exact,exact,3,"2017/long.csv, 2017/relay.csv, 2017/sprint.csv",,
approve,FRA,Vergnaud Alexandre,Alexandre Vergnaud,iof-exact,exact,3,"2017/long.csv, 2017/relay.csv, 2017/sprint.csv",,
approve,FRA,Vuitton Julien,Julien Vuitton,iof-exact,exact,3,"2017/long.csv, 2017/relay.csv, 2017/sprint.csv",,
approve,FRA,Andrieux Quentin,Quentin Andrieux,iof-exact,exact,2,"2017/long.csv, 2017/relay.csv",,
approve,FRA,Haberkorn Guilhem,Guilhem Haberkorn,iof-exact,exact,2,"2017/long.csv, 2017/sprint.csv",,
approve,FRA,Lodc Capbern,Loic Capbern,iof-exact,exact,2,"2010/long.csv, 2010/sprint.csv",,
approve,FRA,Juliete Basset,Juliette Basset,iof-exact,exact,1,2014/relay.csv,,
approve,GBR,Jonathon Crickmore,Jonathan Crickmore,iof-exact,exact,3,"2008/long.csv, 2008/relay.csv, 2008/sprint.csv",,
approve,GBR,Joe Woodtey,Joe Woodley,iof-exact,exact,1,2014/relay.csv,,
approve,GBR,Jonathan Crikmore,Jonathan Crickmore,iof-exact,exact,1,2010/relay.csv,,
approve,HUN,Bujdoso Zoltan,Zoltan Bujdoso,iof-exact,exact,3,"2017/long.csv, 2017/relay.csv, 2017/sprint.csv",,
approve,HUN,Czako Boglarka,Boglarka Czako,iof-exact,exact,3,"2017/long.csv, 2017/relay.csv, 2017/sprint.csv",,
approve,HUN,Gardonyi Csilla,Csilla Gardonyi,iof-exact,exact,3,"2017/long.csv, 2017/relay.csv, 2017/sprint.csv",,
approve,HUN,Horvath Csongor,Csongor Horvath,iof-exact,exact,3,"2017/long.csv, 2017/relay.csv, 2017/sprint.csv",,
approve,HUN,Istvan Zsebehazi,Istvan Zsebehazy,iof-exact,exact,3,"2002/long.csv, 2002/relay.csv, 2002/sprint.csv",,
approve,HUN,Jonas Ferenc,Ferenc Jonas,iof-exact,exact,3,"2017/long.csv, 2017/relay.csv, 2017/sprint.csv",,
approve,HUN,Ormay Mihaly,Mihaly Ormay,iof-exact,exact,3,"2017/long.csv, 2017/relay.csv, 2017/sprint.csv",,
approve,HUN,Szabo Marcell,Marcell Szabo,iof-exact,exact,3,"2017/long.csv, 2017/relay.csv, 2017/sprint.csv",,
approve,HUN,Szuromi Hanga,Hanga Szuromi,iof-exact,exact,3,"2017/long.csv, 2017/relay.csv, 2017/sprint.csv",,
approve,HUN,Mero Dominika,Dominika Mero,iof-exact,exact,2,"2017/long.csv, 2017/sprint.csv",,
approve,HUN,Ildiko Szerenczi,Ildiko Szerencsi,iof-exact,exact,1,2003/relay.csv,,
approve,HUN,Lenkei Zsolt,Zsolt Lenkei,iof-exact,exact,1,2002/relay.csv,,
approve,HUN,Miavecz Balazs,Balazs Miavecz,iof-exact,exact,1,2014/relay.csv,,
approve,HUN,Weiler Virag,Virag Weiler,iof-exact,exact,1,2014/relay.csv,,
approve,IRL,Aoife Mc Cavana,Aoife McCavana,iof-exact,exact,5,"2013/long.csv, 2013/relay.csv, 2013/sprint.csv, 2014/long.csv",,
approve,IRL,Eadaoin Mccavana,Eadaoin McCavana,iof-exact,exact,3,"2017/long.csv, 2017/relay.csv, 2017/sprint.csv",,
approve,IRL,Eadaoin Mc Cavana,Eadaoin McCavana,iof-exact,exact,2,"2015/long.csv, 2015/sprint.csv",,
approve,IRL,Aidan Mccullough,Aidan McCullough,iof-exact,exact,1,2017/long.csv,,
approve,ISR,Segal Eran,Eran Segal,iof-exact,exact,1,2010/relay.csv,,
approve,ISR,Yasur Nitsan,Nitsan Yasur,iof-exact,exact,1,2010/relay.csv,,
approve,ITA,Silvia di Stefano,Silvia Di Stefano,iof-exact,exact,8,"2022/long.csv, 2022/sprint.csv, 2023/long.csv, 2023/relay.csv",,
approve,ITA,Mannocci Enrico,Enrico Mannocci,iof-exact,exact,6,"2016/long.csv, 2016/relay.csv, 2016/sprint.csv, 2017/long.csv",,
approve,ITA,Roberto Dalla Valle,Roberto Dallavalle,iof-exact,exact,6,"2006/long.csv, 2006/relay.csv, 2006/sprint.csv, 2007/long.csv",,
approve,ITA,Magenes Francesco,Francesco Magenes,iof-exact,exact,5,"2016/long.csv, 2016/relay.csv, 2016/sprint.csv, 2017/long.csv",,
approve,ITA,Marco Anselmo di Stefano,Marco Anselmo Di Stefano,iof-exact,exact,5,"2019/long.csv, 2019/relay.csv, 2019/sprint.csv, 2022/long.csv",,
approve,ITA,Pradel Anna,Anna Pradel,iof-exact,exact,5,"2016/relay.csv, 2016/sprint.csv, 2017/long.csv, 2017/relay.csv",,
approve,ITA,Selem Alice,Alice Selem,iof-exact,exact,5,"2016/long.csv, 2016/relay.csv, 2016/sprint.csv, 2017/long.csv",,
approve,ITA,Bettega Damiano,Damiano Bettega,iof-exact,exact,3,"2017/long.csv, 2017/relay.csv, 2017/sprint.csv",,
approve,ITA,Scalzotto Annarita,Annarita Scalzotto,iof-exact,exact,3,"2017/long.csv, 2017/relay.csv, 2017/sprint.csv",,
approve,ITA,Stefano Marco Anselmo di,Marco Anselmo Di Stefano,iof-exact,exact,3,"2021/long.csv, 2021/relay.csv, 2021/sprint.csv",,
approve,ITA,Tait Samuele,Samuele Tait,iof-exact,exact,3,"2015/long.csv, 2015/relay.csv, 2015/sprint.csv",,
approve,ITA,Giacomo Zangonel,Giacomo Zagonel,iof-exact,exact,2,"2008/long.csv, 2008/sprint.csv",,
approve,ITA,Lambertini Sebastiano,Sebastiano Lambertini,iof-exact,exact,1,2022/long.csv,,
approve,LAT,Artus Paulins,Arturs Paulins,iof-exact,exact,3,"2006/long.csv, 2006/relay.csv, 2006/sprint.csv",,
approve,LAT,Anatolis Tarasovs,Anatolijs Tarasovs,iof-exact,exact,1,2002/relay.csv,,
approve,LTU,Barauskas Rokas,Rokas Barauskas,iof-exact,exact,3,"2017/long.csv, 2017/relay.csv, 2017/sprint.csv",,
approve,LTU,Kausakys Dovydas,Dovydas Kausakys,iof-exact,exact,3,"2017/long.csv, 2017/relay.csv, 2017/sprint.csv",,
approve,LTU,Traubaite Judita,Judita Traubaite,iof-exact,exact,3,"2017/long.csv, 2017/relay.csv, 2017/sprint.csv",,
approve,LTU,Casas Adomas,Adomas Casas,iof-exact,exact,2,"2017/long.csv, 2017/sprint.csv",,
approve,LTU,Skucaite Ugne,Ugne Skucaite,iof-exact,exact,2,"2017/long.csv, 2017/sprint.csv",,
approve,LTU,Emilija Gvildyte Tekle,Tekle Emilija Gvildyte,iof-exact,exact,1,2007/relay.csv,,
approve,LTU,Germanavicius Prana,Pranas Germanavicius,iof-exact,exact,1,2017/relay.csv,,
approve,LTU,Germanavicius Pranas,Pranas Germanavicius,iof-exact,exact,1,2017/long.csv,,
approve,LTU,Pran Germanavicius,Pranas Germanavicius,iof-exact,exact,1,2016/relay.csv,,
approve,MDA,Anatolii Fomiciov,Anatoli Fomiciov,iof-exact,exact,2,"2015/long.csv, 2015/sprint.csv",,
approve,MDA,Dimitru Donici,Dumitru Donici,iof-exact,exact,2,"2014/long.csv, 2014/sprint.csv",,
approve,MDA,Mirza Lucian,Lucian Mirza,iof-exact,exact,2,"2016/long.csv, 2016/sprint.csv",,
approve,MDA,Anatoli Fomicov,Anatoli Fomiciov,iof-exact,exact,1,2014/relay.csv,,
approve,MDA,Anatolii Fomicio,Anatoli Fomiciov,iof-exact,exact,1,2015/relay.csv,,
approve,MDA,Donici Dimitru,Dumitru Donici,iof-exact,exact,1,2014/relay.csv,,
approve,MDA,Vasili Fomicov,Vasili Fomiciov,iof-exact,exact,1,2014/relay.csv,,
approve,NOR,Forseth Indgaard Ulf,Ulf Forseth Indgaard,iof-exact,exact,1,2007/relay.csv,,
approve,NOR,Marie Claussen,Marie Olaussen,iof-exact,exact,1,2014/relay.csv,,
approve,NOR,Tilla Farne Hennum,Tilla Farnes Hennum,iof-exact,exact,1,2016/relay.csv,,
approve,POL,Zuzanna Waaczyk,Zuzanna Wanczyk,iof-exact,exact,2,"2011/long.csv, 2011/sprint.csv",,
approve,POL,Aleksandra Hormik,Aleksandra Hornik,iof-exact,exact,1,2014/relay.csv,,
approve,POL,Krystian Petersburs,Krystian Petersburski,iof-exact,exact,1,2017/relay.csv,,
approve,POL,Radoslaw Piotrovski,Radoslaw Piotrowski,iof-exact,exact,1,2014/relay.csv,,
approve,POR,Jorge Furtunato,Jorge Fortunato,iof-exact,exact,3,"2007/long.csv, 2007/relay.csv, 2007/sprint.csv",,
approve,POR,Joao Bernandino,Joao Bernardino,iof-exact,exact,2,"2014/long.csv, 2014/relay.csv",,
approve,ROU,Biro Alexandru,Alexandru Biro,iof-exact,exact,3,"2017/long.csv, 2017/relay.csv, 2017/sprint.csv",,
approve,ROU,Catana Alexandru,Alexandru Catana,iof-exact,exact,3,"2017/long.csv, 2017/relay.csv, 2017/sprint.csv",,
approve,ROU,Copetchi Stefan,Stefan Copetchi,iof-exact,exact,3,"2012/long.csv, 2012/relay.csv, 2012/sprint.csv",,
approve,ROU,Divin Judit,Judit Divin,iof-exact,exact,3,"2017/long.csv, 2017/relay.csv, 2017/sprint.csv",,
approve,ROU,Galateanu Daria,Daria Galateanu,iof-exact,exact,3,"2017/long.csv, 2017/relay.csv, 2017/sprint.csv",,
approve,ROU,Szikszai Csongor,Csongor Szikszai,iof-exact,exact,3,"2017/long.csv, 2017/relay.csv, 2017/sprint.csv",,
approve,ROU,Szocs Attila,Attila Szocs,iof-exact,exact,3,"2017/long.csv, 2017/relay.csv, 2017/sprint.csv",,
approve,ROU,Andrei Mihai Tintar,Mihai Andrei Tintar,iof-exact,exact,2,"2014/long.csv, 2014/sprint.csv",,
approve,ROU,Cecilia Andra Anghel,Andra Cecilia Anghel,iof-exact,exact,2,"2011/long.csv, 2011/sprint.csv",,
approve,ROU,Tetisan Anca,Anca Tetisan,iof-exact,exact,2,"2012/long.csv, 2012/sprint.csv",,
approve,ROU,Vigh Lorand,Lorand Vigh,iof-exact,exact,2,"2017/long.csv, 2017/relay.csv",,
approve,ROU,Andra Celcilia Angel,Andra Cecilia Anghel,iof-exact,exact,1,2008/relay.csv,,
approve,ROU,Barkasz Daniel,Daniel Barkasz,iof-exact,exact,1,2010/relay.csv,,
approve,ROU,Szocsattila,Attila Szocs,iof-exact,exact,1,2016/sprint.csv,,
approve,ROU,Tintar Mihai Andrei,Mihai Andrei Tintar,iof-exact,exact,1,2014/relay.csv,,
approve,RUS,Fomin Daniil,Daniil Fomin,iof-exact,exact,3,"2017/long.csv, 2017/relay.csv, 2017/sprint.csv",,
approve,SRB,Marija Cosia,Marija Cosic,iof-exact,exact,3,"2007/long.csv, 2007/relay.csv, 2007/sprint.csv",,
approve,SRB,Marko Stevanovia,Marko Stevanovic,iof-exact,exact,3,"2007/long.csv, 2007/relay.csv, 2007/sprint.csv",,
approve,SUI,Sara Luscher,Sara Luescher,iof-exact,exact,2,"2002/relay.csv, 2003/relay.csv",,
approve,SVK,Tobias Goldsmidt,Tobias Goldschmidt,iof-exact,exact,3,"2016/long.csv, 2016/relay.csv, 2016/sprint.csv",,
approve,SVK,Jana MacInska,Jana Macinska,iof-exact,exact,1,2002/relay.csv,,
approve,SWE,Erika Kallvik Leufven,Erika Kaellvik Leufven,iof-exact,exact,2,"2017/long.csv, 2017/sprint.csv",,
approve,SWE,Berzell Love,Love Berzell,iof-exact,exact,1,2010/relay.csv,,
approve,SWE,Emilsson Emma,Emma Emilsson,iof-exact,exact,1,2022/relay.csv,,
approve,SWE,Heinrup Rebecka,Rebecka Heinrup,iof-exact,exact,1,2010/relay.csv,,
approve,TUR,Ozge Bozga,Ozge Bozca,iof-exact,exact,1,2016/sprint.csv,,
approve,UKR,Hoienko Mariia,Mariia Hoienko,iof-exact,exact,3,"2017/long.csv, 2017/relay.csv, 2017/sprint.csv",,
approve,UKR,Stanislav Polianyatsia,Stanislav Polianytsia,iof-exact,exact,3,"2015/long.csv, 2015/relay.csv, 2015/sprint.csv",,
approve,UKR,Teremetskyi Tymofii,Tymofii Teremetskyi,iof-exact,exact,3,"2017/long.csv, 2017/relay.csv, 2017/sprint.csv",,
approve,UKR,Tsyvilska Feia,Feia Tsyvilska,iof-exact,exact,3,"2017/long.csv, 2017/relay.csv, 2017/sprint.csv",,
approve,UKR,Zviahin Mykyta,Mykyta Zviahin,iof-exact,exact,3,"2017/long.csv, 2017/relay.csv, 2017/sprint.csv",,
approve,AUT,Georg Groll,Georg Groell,iof-fuzzy,dist=1 ratio=0.96,8,"2014/relay.csv, 2014/sprint.csv, 2015/long.csv, 2015/relay.csv",,
approve,AUT,Tina Tiefenbock,Tina Tiefenboeck,iof-fuzzy,dist=1 ratio=0.97,8,"2014/long.csv, 2014/sprint.csv, 2015/long.csv, 2015/relay.csv",,
approve,AUT,Anna Nilsson-Simkovics,Anna Nilsson Simkovics,iof-fuzzy,dist=1 ratio=0.95,5,"2010/long.csv, 2010/sprint.csv, 2011/long.csv, 2011/relay.csv",,
approve,AUT,Groell Georg,Georg Groell,iof-fuzzy,dist=0 ratio=1.00,3,"2017/long.csv, 2017/relay.csv, 2017/sprint.csv",,
approve,AUT,Tiefenboeck Tina,Tina Tiefenboeck,iof-fuzzy,dist=0 ratio=1.00,3,"2017/long.csv, 2017/relay.csv, 2017/sprint.csv",,
approve,BEL,Thiels Hannah,Hannah Thiels,iof-fuzzy,dist=0 ratio=1.00,3,"2017/long.csv, 2017/relay.csv, 2017/sprint.csv",,
approve,CZE,Martina Jiraskova,Martina Jircakova,iof-fuzzy,dist=2 ratio=0.94,2,"2005/long.csv, 2005/sprint.csv",,
approve,DEN,Eva Ornhagen Jorgensen,Eva Ornhagen Joergensen,iof-fuzzy,dist=1 ratio=0.98,6,"2018/long.csv, 2018/relay.csv, 2018/sprint.csv, 2019/long.csv",,
approve,DEN,Ida Obro,Ida Oebro,iof-fuzzy,dist=1 ratio=0.94,6,"2014/long.csv, 2014/relay.csv, 2014/sprint.csv, 2015/long.csv",,
approve,DEN,Oscar David Brom Jensen,Oscar David Broman Jensen,iof-fuzzy,dist=2 ratio=0.96,6,"2018/long.csv, 2018/relay.csv, 2018/sprint.csv, 2019/long.csv",,
approve,DEN,Alberte Kaae-Nielsen,Alberte Kaae Nielsen,iof-fuzzy,dist=1 ratio=0.95,4,"2016/long.csv, 2016/sprint.csv, 2017/long.csv, 2017/sprint.csv",,
approve,DEN,Miri Thrane Odum,Miri Thrane Oedum,iof-fuzzy,dist=1 ratio=0.97,4,"2010/relay.csv, 2011/long.csv, 2011/relay.csv, 2011/sprint.csv",,
approve,DEN,Agnes Norgard Kracht,Agnes Noergaard Kracht,iof-fuzzy,dist=2 ratio=0.95,3,"2015/long.csv, 2015/relay.csv, 2015/sprint.csv",,
approve,DEN,Marius Thrane Odum,Marius Thrane Oedum,iof-fuzzy,dist=1 ratio=0.97,3,"2008/long.csv, 2008/relay.csv, 2008/sprint.csv",,
approve,DEN,Emil Obro,Emil Oebro,iof-fuzzy,dist=1 ratio=0.95,2,"2014/long.csv, 2014/sprint.csv",,
approve,DEN,Lotte Jauhojarvi Markusse,Lotte Jauhojarvi Markussen,iof-fuzzy,dist=1 ratio=0.98,2,"2017/long.csv, 2017/sprint.csv",,
approve,DEN,Magnus Dewet,Magnus Dewett,iof-fuzzy,dist=1 ratio=0.96,2,"2011/long.csv, 2011/sprint.csv",,
approve,DEN,Miri Thrane Rdum,Miri Thrane Oedum,iof-fuzzy,dist=1 ratio=0.97,2,"2010/long.csv, 2010/sprint.csv",,
approve,DEN,Alberte Kaae-Nielse,Alberte Kaae Nielsen,iof-fuzzy,dist=1 ratio=0.95,1,2017/relay.csv,,
approve,ESP,Diego Aimar Urquizu,Aimar Urquizu Diego,iof-fuzzy,dist=0 ratio=1.00,3,"2021/long.csv, 2021/relay.csv, 2021/sprint.csv",,
approve,ESP,Eduardo Gil Marco,Eduardo Gil Marcos,iof-fuzzy,dist=1 ratio=0.97,3,"2012/long.csv, 2012/relay.csv, 2012/sprint.csv",,
approve,ESP,Marina Gracia Castro,Marina Garcia Castro,iof-fuzzy,dist=2 ratio=0.95,3,"2012/long.csv, 2012/relay.csv, 2012/sprint.csv",,
approve,ESP,del Campo Alba Munoz,Alba Munoz del Campo,iof-fuzzy,dist=0 ratio=1.00,3,"2021/long.csv, 2021/relay.csv, 2021/sprint.csv",,
approve,EST,Hannula-Katrin Pandis,Hannula Katrin Pandis,iof-fuzzy,dist=1 ratio=0.95,6,"2005/long.csv, 2005/sprint.csv, 2006/long.csv, 2006/relay.csv",,
approve,FIN,Henna-Riikka Haikonen,Henna Riikka Haikonen,iof-fuzzy,dist=1 ratio=0.95,3,"2010/long.csv, 2010/relay.csv, 2010/sprint.csv",,
approve,FIN,Ella-Noora Rahkola,Ella Noora Rahkola,iof-fuzzy,dist=1 ratio=0.94,2,"2013/long.csv, 2013/sprint.csv",,
approve,FRA,Becaert Antoine,Antoine Becaert,iof-fuzzy,dist=0 ratio=1.00,3,"2017/long.csv, 2017/relay.csv, 2017/sprint.csv",,
approve,FRA,Vallet Mathias Barros,Mathias Barros Vallet,iof-fuzzy,dist=0 ratio=1.00,3,"2021/long.csv, 2021/relay.csv, 2021/sprint.csv",,
approve,FRA,Villar Zoe,Zoe Villar,iof-fuzzy,dist=0 ratio=1.00,3,"2017/long.csv, 2017/relay.csv, 2017/sprint.csv",,
approve,FRA,Lucas Toulier-Ancian,Lucas Toulier Ancian,iof-fuzzy,dist=1 ratio=0.95,2,"2012/long.csv, 2012/sprint.csv",,
approve,FRA,Olivier Blanc Tranchand,Olivier Blanc Tranchant,iof-fuzzy,dist=1 ratio=0.96,2,"2010/long.csv, 2010/sprint.csv",,
approve,FRA,Olivier Blanc-Tranchand,Olivier Blanc Tranchant,iof-fuzzy,dist=1 ratio=0.96,1,2010/relay.csv,,
approve,GER,Dorothea Muller,Dorothea Mueller,iof-fuzzy,dist=1 ratio=0.97,11,"2012/long.csv, 2012/relay.csv, 2012/sprint.csv, 2013/long.csv",,
approve,GER,Susen Losch,Susen Loesch,iof-fuzzy,dist=1 ratio=0.96,11,"2008/long.csv, 2008/relay.csv, 2008/sprint.csv, 2009/long.csv",,
approve,GER,Hanna Muller,Hanna Mueller,iof-fuzzy,dist=1 ratio=0.96,9,"2011/long.csv, 2011/relay.csv, 2011/sprint.csv, 2012/long.csv",,
approve,GER,Ellen Kluser,Ellen Klueser,iof-fuzzy,dist=1 ratio=0.96,8,"2013/long.csv, 2013/relay.csv, 2013/sprint.csv, 2014/long.csv",,
approve,GER,Erik Dohler,Erik Doehler,iof-fuzzy,dist=1 ratio=0.96,6,"2013/long.csv, 2013/relay.csv, 2013/sprint.csv, 2014/long.csv",,
approve,GER,Felix Spath,Felix Spaeth,iof-fuzzy,dist=1 ratio=0.96,5,"2007/long.csv, 2007/sprint.csv, 2009/long.csv, 2009/relay.csv",,
approve,GER,Dennis Brauer,Dennis Braeuer,iof-fuzzy,dist=1 ratio=0.96,2,"2015/long.csv, 2015/sprint.csv",,
approve,GER,Emil Friedlander,Emil Friedlaender,iof-fuzzy,dist=1 ratio=0.97,2,"2016/long.csv, 2016/sprint.csv",,
approve,GER,Dorothea Miller,Dorothea Mueller,iof-fuzzy,dist=1 ratio=0.97,1,2014/relay.csv,,
approve,HUN,Szalay Levente,Levente Szalay,iof-fuzzy,dist=0 ratio=1.00,2,"2017/long.csv, 2017/sprint.csv",,
approve,IRL,Kevin O'Boyle,Kevin O Boyle,iof-fuzzy,dist=1 ratio=0.92,5,"2007/long.csv, 2007/sprint.csv, 2008/long.csv, 2008/relay.csv",,
approve,IRL,Brien Daire O,Daire O Brien,iof-fuzzy,dist=0 ratio=1.00,3,"2021/long.csv, 2021/relay.csv, 2021/sprint.csv",,
approve,IRL,Niall Mc Carthy,Niall McCarthy,iof-fuzzy,dist=1 ratio=0.97,3,"2013/long.csv, 2013/relay.csv, 2013/sprint.csv",,
approve,IRL,Josh O'Sullivan-Hourihan,Josh OSullivan Hourihan,iof-fuzzy,dist=2 ratio=0.94,2,"2010/long.csv, 2010/sprint.csv",,
approve,ITA,Mariani Francesco,Francesco Mariani,iof-fuzzy,dist=0 ratio=1.00,3,"2017/long.csv, 2017/relay.csv, 2017/sprint.csv",,
approve,ITA,Bazan Alberto,Alberto Bazan,iof-fuzzy,dist=0 ratio=1.00,1,2017/sprint.csv,,
approve,MDA,Cabis Vladimir,Vladimir Cabis,iof-fuzzy,dist=0 ratio=1.00,2,"2017/long.csv, 2017/sprint.csv",,
approve,MDA,Cristian Betivu,Betivu Cristian,iof-fuzzy,dist=0 ratio=1.00,2,"2024/long.csv, 2024/sprint.csv",,
approve,NOR,Andreas Solberg,Andreas Soelberg,iof-fuzzy,dist=1 ratio=0.97,3,"2013/long.csv, 2013/relay.csv, 2013/sprint.csv",,
approve,NOR,Gunvor Hov Hrydal,Gunvor Hov Hoydal,iof-fuzzy,dist=1 ratio=0.94,3,"2012/long.csv, 2012/relay.csv, 2012/sprint.csv",,
approve,NOR,Hakon Raadal Bjorlo,Haakon Raadal Bjoerlo,iof-fuzzy,dist=2 ratio=0.95,3,"2015/long.csv, 2015/relay.csv, 2015/sprint.csv",,
approve,NOR,Henrik Fredrikse Aas,Henrik Fredriksen Aas,iof-fuzzy,dist=1 ratio=0.98,3,"2018/long.csv, 2018/relay.csv, 2018/sprint.csv",,
approve,NOR,Vegard Guldbrandsen,Vegard Gulbrandsen,iof-fuzzy,dist=1 ratio=0.97,3,"2015/long.csv, 2015/relay.csv, 2015/sprint.csv",,
approve,NOR,Vegard Guldbransen,Vegard Gulbrandsen,iof-fuzzy,dist=1 ratio=0.97,3,"2016/long.csv, 2016/relay.csv, 2016/sprint.csv",,
approve,NOR,Eskild Kinneberg,Eskil Kinneberg,iof-fuzzy,dist=1 ratio=0.97,2,"2009/long.csv, 2009/sprint.csv",,
approve,NOR,Hov Hoydal Gunvor,Gunvor Hov Hoydal,iof-fuzzy,dist=0 ratio=1.00,2,"2011/long.csv, 2011/sprint.csv",,
approve,NOR,Kristoffer Strom Wik,Kristoffer Stromdal Wik,iof-fuzzy,dist=3 ratio=0.93,2,"2023/long.csv, 2023/relay.csv",,
approve,NOR,Mathias S Lillevold,Mathias S. Lillevold,iof-fuzzy,dist=1 ratio=0.97,2,"2010/long.csv, 2010/sprint.csv",,
approve,NOR,Sindre Rstgulen Deisz,Sindre Oestgulen Deisz,iof-fuzzy,dist=2 ratio=0.93,2,"2012/long.csv, 2012/sprint.csv",,
,POR,Tiago Pires,Tiago Aires,iof-fuzzy,dist=1 ratio=0.91,3,"2005/long.csv, 2005/relay.csv, 2005/sprint.csv",,
approve,ROU,Cosmin Georgescu,Georgescu Cosmin,iof-fuzzy,dist=0 ratio=1.00,6,"2006/long.csv, 2006/relay.csv, 2006/sprint.csv, 2007/long.csv",,
approve,ROU,Adela-Maria Galateanu,Adela Maria Galateanu,iof-fuzzy,dist=1 ratio=0.95,4,"2014/long.csv, 2014/sprint.csv, 2016/long.csv, 2016/sprint.csv",,
approve,SUI,Sven Hellmuller,Sven Hellmueller,iof-fuzzy,dist=1 ratio=0.97,12,"2010/long.csv, 2010/relay.csv, 2010/sprint.csv, 2011/long.csv",,
approve,SUI,Nicola Muller,Nicola Mueller,iof-fuzzy,dist=1 ratio=0.96,5,"2015/long.csv, 2015/relay.csv, 2015/sprint.csv, 2016/long.csv",,
approve,SUI,Ismael Rothlisberger,Ismael Roethlisberger,iof-fuzzy,dist=1 ratio=0.98,4,"2010/long.csv, 2010/relay.csv, 2010/sprint.csv, 2011/relay.csv",,
approve,SUI,Mattia Grundler,Mattia Gruendler,iof-fuzzy,dist=1 ratio=0.97,3,"2016/long.csv, 2016/relay.csv, 2016/sprint.csv",,
approve,SUI,Katrin Muller,Katrin Mueller,iof-fuzzy,dist=1 ratio=0.96,2,"2015/long.csv, 2015/sprint.csv",,
approve,SUI,Andreas Ruedlinger,Andreas Rueedlinger,iof-fuzzy,dist=1 ratio=0.97,1,2002/relay.csv,,
approve,SWE,Ludvig Lhlund,Ludvig Ahlund,iof-fuzzy,dist=1 ratio=0.92,3,"2012/long.csv, 2012/relay.csv, 2012/sprint.csv",,
approve,SWE,Moa Leijon-Lind,Moa Leijon Lind,iof-fuzzy,dist=1 ratio=0.93,3,"2012/long.csv, 2012/relay.csv, 2012/sprint.csv",,
approve,SWE,Petter Eriksson,Peter Eriksson,iof-fuzzy,dist=1 ratio=0.97,3,"2006/long.csv, 2006/relay.csv, 2006/sprint.csv",,
approve,SWE,Johanna Kallvik Leufven,Johanna Kaellvik Leufven,iof-fuzzy,dist=1 ratio=0.98,2,"2017/long.csv, 2017/sprint.csv",,
approve,SWE,Max Peter Beijmer,Max Peter Bejmer,iof-fuzzy,dist=1 ratio=0.97,2,"2010/long.csv, 2010/sprint.csv",,
approve,SWE,Beijmer Max Peter,Max Peter Bejmer,iof-fuzzy,dist=1 ratio=0.97,1,2010/relay.csv,,
approve,UKR,Mariya Tymoshchuk,Mariia Tymoshchuk,iof-fuzzy,dist=1 ratio=0.94,7,"2013/long.csv, 2013/relay.csv, 2013/sprint.csv, 2015/long.csv",,
approve,UKR,Kobets Svitlana,Svitlana Kobets,iof-fuzzy,dist=0 ratio=1.00,3,"2017/long.csv, 2017/relay.csv, 2017/sprint.csv",,
approve,UKR,Olena Fedorova,Olena Fedorovska,iof-fuzzy,dist=2 ratio=0.93,3,"2010/long.csv, 2010/relay.csv, 2010/sprint.csv",,
approve,UKR,Kostyantyn Shchukin,Kostiantyn Shchukin,iof-fuzzy,dist=1 ratio=0.95,1,2008/long.csv,,
approve,AUT,Agnes Harreiter,Agnes Harreither,internal,majority-vote,3,"2005/long.csv, 2005/relay.csv, 2005/sprint.csv",,
approve,AUT,Jandl Florian,Florian Jandl,internal,majority-vote,3,"2017/long.csv, 2017/relay.csv, 2017/sprint.csv",,
approve,AUT,Kastner Maya,Maya Kastner,internal,majority-vote,3,"2017/long.csv, 2017/relay.csv, 2017/sprint.csv",,
approve,AUT,Maier Marie,Marie Maier,internal,majority-vote,3,"2018/long.csv, 2018/relay.csv, 2018/sprint.csv",,
approve,AUT,Wolfram Jakob,Jakob Wolfram,internal,majority-vote,3,"2017/long.csv, 2017/relay.csv, 2017/sprint.csv",,
approve,AUT,Erns Bosina,Ernst Bosina,internal,majority-vote,2,"2003/long.csv, 2003/sprint.csv",,
approve,AUT,Trummer Kilian,Kilian Trummer,internal,majority-vote,2,"2017/long.csv, 2017/sprint.csv",,
approve,AUT,Trummer Rosa,Rosa Trummer,internal,majority-vote,2,"2017/long.csv, 2017/sprint.csv",,
approve,AUT,Wofgang Siegert,Wolfgang Siegert,internal,majority-vote,2,"2003/long.csv, 2003/sprint.csv",,
approve,AUT,Bauer Julia,Julia Bauer,internal,majority-vote,1,2010/relay.csv,,
approve,AUT,Christia Wartbichler,Christian Wartbichler,internal,majority-vote,1,2005/relay.csv,,
approve,AUT,Elstner Laurenz,Laurenz Elstner,internal,majority-vote,1,2010/relay.csv,,
approve,AUT,Scharnagl Lukas,Lukas Scharnagl,internal,majority-vote,1,2010/relay.csv,,
approve,AUT,Ulla Mayhofer,Ulla Mayrhofer,internal,majority-vote,1,2007/long.csv,,
approve,AUT,Valetin Angermann,Valentin Angermann,internal,majority-vote,1,2026/relay.csv,,
approve,BEL,Amerijckx Cedric,Cedric Amerijckx,internal,majority-vote,3,"2017/long.csv, 2017/relay.csv, 2017/sprint.csv",,
approve,BEL,Arno Simon,Simon Arno,internal,majority-vote,3,"2017/long.csv, 2017/relay.csv, 2017/sprint.csv",,
approve,BEL,Eyen Guillaume,Guillaume Eyen,internal,majority-vote,3,"2017/long.csv, 2017/relay.csv, 2017/sprint.csv",,
approve,BEL,Defraigne Sandrine,Sandrine Defraigne,internal,majority-vote,2,"2017/long.csv, 2017/sprint.csv",,
approve,BEL,Keuppens Kato,Kato Keuppens,internal,majority-vote,2,"2017/long.csv, 2017/sprint.csv",,
approve,BLR,Anna Batsian,Hanna Batsian,internal,majority-vote,3,"2003/long.csv, 2003/relay.csv, 2003/sprint.csv",,
approve,BLR,Karyna Karauchanka,Karyna Krauchanka,internal,majority-vote,3,"2016/long.csv, 2016/relay.csv, 2016/sprint.csv",,
approve,BLR,Mozhar Viktoryia,Viktoryia Mozhar,internal,majority-vote,3,"2013/long.csv, 2013/relay.csv, 2013/sprint.csv",,
approve,BLR,Ilkevich Anastasiya,Anastasiya Ilkevich,internal,majority-vote,2,"2013/long.csv, 2013/relay.csv",,
approve,BLR,Ruslan Vaitsekhovich,Ruslan Voitsekhovich,internal,majority-vote,2,"2004/long.csv, 2004/sprint.csv",,
approve,BLR,Aliaksandr Furik,Aliaksandr Furyk,internal,majority-vote,1,2021/long.csv,,
approve,BLR,Anastasiy Sakalova,Anastasiya Sakalova,internal,majority-vote,1,2003/relay.csv,,
approve,BLR,Nastsi Klapouskaya,Nastsia Klapouskaya,internal,majority-vote,1,2003/relay.csv,,
approve,BLR,Rusl Voitsekhovich,Ruslan Voitsekhovich,internal,majority-vote,1,2003/relay.csv,,
approve,BLR,Ruslan Voiisekhovich,Ruslan Voitsekhovich,internal,majority-vote,1,2002/sprint.csv,,
approve,BLR,Sofia Karelina,Sofya Karelina,internal,majority-vote,1,2021/long.csv,,
approve,BLR,Timofe Alekseyonok,Timofei Alekseyonok,internal,majority-vote,1,2016/relay.csv,,
approve,BLR,Uladzisl Viarynski,Uladzislau Viarynski,internal,majority-vote,1,2016/relay.csv,,
approve,BLR,Uladzislau Viarynsk,Uladzislau Viarynski,internal,majority-vote,1,2017/relay.csv,,
approve,BUL,Antonia Grigorova,Antoniya Grigorova,internal,majority-vote,3,"2003/long.csv, 2003/relay.csv, 2003/sprint.csv",,
approve,BUL,Dimitar Zhelyazkov,Dimitar Zheliazkov,internal,majority-vote,3,"2013/long.csv, 2013/relay.csv, 2013/sprint.csv",,
approve,BUL,Stefan Mihailov,Stefan Mihaylov,internal,majority-vote,3,"2014/long.csv, 2014/relay.csv, 2014/sprint.csv",,
approve,BUL,Valentin Neikov,Valentin Neykov,internal,majority-vote,3,"2016/long.csv, 2016/relay.csv, 2016/sprint.csv",,
approve,BUL,Valeria Staneva,Valeriya Staneva,internal,majority-vote,3,"2008/long.csv, 2008/relay.csv, 2008/sprint.csv",,
approve,BUL,Yveta Zasheva,Iveta Zasheva,internal,majority-vote,3,"2012/long.csv, 2012/relay.csv, 2012/sprint.csv",,
approve,BUL,Lvaylo Petkov,Ivaylo Petkov,internal,majority-vote,1,2014/relay.csv,,
approve,BUL,Mariya Dermendzhiev,Mariya Dermendzhieva,internal,majority-vote,1,2017/relay.csv,,
approve,BUL,Plamen Georgev,Plamen Georgiev,internal,majority-vote,1,2016/relay.csv,,
approve,BUL,Stanimi Belomazhev,Stanimir Belomazhev,internal,majority-vote,1,2003/relay.csv,,
approve,BUL,Viktor Keremidchieva,Viktoriya Keremidchieva,internal,majority-vote,1,2005/relay.csv,,
approve,CRO,Marija Cajko,Marija Eajko,internal,majority-vote,2,"2006/long.csv, 2006/sprint.csv",,
approve,CRO,Lva Lovrec,Iva Lovrec,internal,majority-vote,1,2014/relay.csv,,
approve,CZE,Adela Jakobova,Adelka Jakobova,internal,majority-vote,3,"2006/long.csv, 2006/relay.csv, 2006/sprint.csv",,
approve,CZE,Stipan Zimmermann,Stepan Zimmermann,internal,majority-vote,3,"2006/relay.csv, 2007/long.csv, 2007/sprint.csv",,
approve,CZE,Ondoej Kantor,Ondrej Kantor,internal,majority-vote,2,"2007/long.csv, 2007/sprint.csv",,
approve,CZE,Vira Madlova,Vera Madlova,internal,majority-vote,2,"2007/long.csv, 2007/sprint.csv",,
approve,CZE,Adela Indrakova,Adelka Indrakova,internal,majority-vote,1,2007/relay.csv,,
approve,CZE,Dusilek Adam,Adam Dusilek,internal,majority-vote,1,2007/relay.csv,,
approve,CZE,Zdenek Rajnosek,Zdenek Rajnousek,internal,majority-vote,1,2003/relay.csv,,
approve,DEN,Nikoline Tillingsoe,Nikoline Tillingsre,internal,majority-vote,3,"2013/long.csv, 2013/relay.csv, 2013/sprint.csv",,
approve,DEN,Annika Gautschi Simons,Annika Gautschi Simonsen,internal,majority-vote,2,"2015/long.csv, 2015/sprint.csv",,
approve,DEN,Caroline Finderup Jensen,Caroline Finderup ,internal,majority-vote,1,2015/relay.csv,,
approve,DEN,Caroline Finderup Jense,Caroline Finderup ,internal,majority-vote,1,"2015/sprint.csv, 2015/long.csv",,
approve,DEN,Joakim Sehested Die,Joakim Sehested Sie,internal,majority-vote,1,2010/relay.csv,,
approve,DEN,Mikke Holm Nielsen,Mikkel Holm Nielsen,internal,majority-vote,1,2016/relay.csv,,
approve,DEN,Thor Nrrskov,Thor Norskov,internal,majority-vote,1,2010/sprint.csv,,
approve,ESP,Anna Illa Camps,Ana Illa Camps,internal,majority-vote,3,"2017/long.csv, 2017/relay.csv, 2017/sprint.csv",,
approve,ESP,Gil Sanchez Alicia,Alicia Gil Sanchez,internal,majority-vote,3,"2003/long.csv, 2003/relay.csv, 2003/sprint.csv",,
approve,ESP,Montero Carceles Elmar,Elmar Montero Carceles,internal,majority-vote,3,"2011/long.csv, 2011/relay.csv, 2011/sprint.csv",,
approve,ESP,Raul Sanjun Juan,Raul Sanjuan Juan,internal,majority-vote,3,"2016/long.csv, 2016/relay.csv, 2016/sprint.csv",,
approve,ESP,Torras Bernat Selva,Bernat Selva Torras,internal,majority-vote,3,"2021/long.csv, 2021/relay.csv, 2021/sprint.csv",,
approve,ESP,Guillen Escriba Andrea,Andrea Guillen Escriba,internal,majority-vote,2,"2011/long.csv, 2011/sprint.csv",,
approve,ESP,Inmaculada Crespo Gonzalez,Inmaculada Crespo,internal,majority-vote,2,"2016/long.csv, 2016/sprint.csv",,
approve,ESP,Inmaculada Crespo Gonzale,Inmaculada Crespo,internal,majority-vote,2,manual,,
approve,ESP,Jesus Rodriguez Corroc,Jesus Rodriguez Corrochano,internal,majority-vote,2,"2015/long.csv, 2015/sprint.csv",,
approve,ESP,Jesus Rodriguez Corrochan,Jesus Rodriguez Corrochano,internal,majority-vote,2,"2014/long.csv, 2014/sprint.csv",,
approve,ESP,Laura Tortosa Galvan,Laura Galvan Tortosa,internal,majority-vote,2,"2003/long.csv, 2003/sprint.csv",,
approve,ESP,Navarro Cutillas Fco. M.,Francisco Navarro Cutillas,manual,majority-vote,2,"2004/long.csv, 2004/sprint.csv",,
approve,ESP,Navarro Cutillas Fco.,Francisco Navarro Cutillas,manual,majority-vote,2,"2004/long.csv, 2004/sprint.csv",,
approve,ESP,Fra Navarro Cutillas,Francisco Navarro Cutillas,manual,majority-vote,2,"2004/long.csv, 2004/sprint.csv",,
approve,ESP,Fco. M. Navarro Cutillas,Francisco Navarro Cutillas,manual,majority-vote,2,"2004/long.csv, 2004/sprint.csv",,
approve,ESP,Pedro Estangegaard Perez,Pedro Stangegaard Perez,manual,majority-vote,2,"2017/long.csv, 2017/sprint.csv",,
approve,ESP,Pedro Stangegaard P,Pedro Stangegaard Perez,manual,majority-vote,2,"2017/long.csv, 2017/sprint.csv",,
approve,ESP,Estangegaard Perez,Pedro Stangegaard Perez,manual,majority-vote,2,"2017/long.csv, 2017/sprint.csv",,
approve,ESP,Rafols Perramon Ona,Ona Rafols Perramon,internal,majority-vote,2,"2003/long.csv, 2003/sprint.csv",,
approve,ESP,Rico Mira Nestor,Nestor Rico Mira,internal,majority-vote,2,"2003/long.csv, 2003/sprint.csv",,
approve,ESP,Sanchez Serrano Luis,Luis Sanchez Serrano,internal,majority-vote,2,"2011/long.csv, 2011/relay.csv",,
approve,ESP,Martin de Los Rios de la,Silvia Martin de los Rios,internal,majority-vote,2,"2010/long.csv, 2010/relay.csv",,
approve,ESP,Martin de Los Rios Silvia,Silvia Martin de los Rios,internal,majority-vote,2,"2010/long.csv, 2010/relay.csv",,
approve,ESP,Sofia Berenguer Sanchi,Sofia Berenguer Sanchis,internal,majority-vote,2,"2012/long.csv, 2012/sprint.csv",,
approve,ESP,A Martin-Albo Rodriguez-E,Ana Martin-Albo Rodriguez,internal,majority-vote,1,2010/sprint.csv,,
approve,ESP,Ana Martin-Albo Rodriguez-,Ana Martin-Albo Rodriguez,internal,majority-vote,1,2010/sprint.csv,,
approve,ESP,Alfr Renzullo Marfil,Alfredo Renzullo Marfil,internal,majority-vote,1,2005/relay.csv,,
approve,ESP,Ana Illa Cams,Ana Illa Camps,internal,majority-vote,1,2015/sprint.csv,,
approve,ESP,Carl Guillen Escriba,Carla Guillen Escriba,internal,majority-vote,1,2005/relay.csv,,
approve,ESP,Dani Portal Gordillo,Daniel Portal Gordillo,internal,majority-vote,1,2005/relay.csv,,
approve,ESP,Dieg Rodriguez Corrochano,Diego Rodriguez Corrochano,internal,majority-vote,1,2010/sprint.csv,,
approve,ESP,Fco. M. Navarro Cutillas,Navarro Cutillas Fco.,internal,majority-vote,1,2004/relay.csv,,
approve,ESP,Gustav Wiren Gonzal,Gustav Wiren Gonzalez,internal,majority-vote,1,2017/relay.csv,,
approve,ESP,Jesuis Rodriguez Corro,Jesus Rodriguez Corrochano,internal,majority-vote,1,2012/long.csv,,
approve,ESP,Jesuis Rodriguez Corroc,Jesus Rodriguez Corrochano,manual,majority-vote,1,2012/long.csv,,
approve,ESP,Jesus Rodriguez Corrocha,Jesus Rodriguez Corrochano,internal,majority-vote,1,2015/relay.csv,,
approve,ESP,Jorge Gracia Ochotoren,Jorge Gracia Ochotorena,manual,majority-vote,1,2015/relay.csv,,
approve,ESP,Jua Cornejo Garcia,Juan Cornejo Garcia,internal,majority-vote,1,2016/relay.csv,,
approve,ESP,Iglesias Ayllon Juan D.,Juan D. Iglesias Ayllon,manual,majority-vote,1,2004/relay.csv,,
approve,ESP,Lau Tortosa Galvan,Laura Galvan Tortosa,internal,majority-vote,1,2003/relay.csv,,
approve,ESP,Laur Andres Arnaiz,Laura Andres Arnaiz,internal,majority-vote,1,2016/relay.csv,,
approve,ESP,Manuel Merida Sanchis Juan,Juan Manuel Merida Sanchis,internal,majority-vote,1,2007/relay.csv,,
approve,ESP,Maria Cornejo Garcia,Marina Cornejo Garcia,internal,majority-vote,1,2014/relay.csv,,
approve,ESP,Rafol Perramon Ona,Ona Rafols Perramon,internal,majority-vote,1,2003/relay.csv,,
approve,EST,Aleksandr Shved,Aleksander Shved,internal,majority-vote,3,"2010/long.csv, 2010/relay.csv, 2010/sprint.csv",,
approve,EST,Lauri Malsroob,Lauri Malsroos,internal,majority-vote,2,"2003/long.csv, 2003/sprint.csv",,
approve,EST,Janelk Piirisild,Janek Piirisild,internal,majority-vote,1,2014/relay.csv,,
approve,EST,Markus Pousepp,Markus Puusepp,internal,majority-vote,1,2002/long.csv,,
approve,EST,Tais Leotenko,Tais Leontenko,internal,majority-vote,1,2003/relay.csv,,
approve,EST,Tomi-Andr Piirmets,Tomi-Andre Piirmets,internal,majority-vote,1,2016/relay.csv,,
approve,FRA,Erbland Pierre,Pierre Erbland,internal,majority-vote,3,"2017/long.csv, 2017/relay.csv, 2017/sprint.csv",,
approve,FRA,Perrine Obsetard,Perrine Obstetar,internal,majority-vote,3,"2005/long.csv, 2005/relay.csv, 2005/sprint.csv",,
approve,FRA,Thibault Poupart,Thibault Poupard,manual,majority-vote,3,"2007/long.csv, 2007/relay.csv, 2007/sprint.csv",,
approve,FRA,Vincent Avendikian,Vincent Avedikian,internal,majority-vote,3,"2009/long.csv, 2009/relay.csv, 2009/sprint.csv",,
approve,FRA,Dudoignon Marine,Marine Dudoignon,internal,majority-vote,2,"2017/long.csv, 2017/sprint.csv",,
approve,FRA,Chatelain Eloise,Eloise Chatelain,internal,majority-vote,2,"2016/long.csv, 2016/sprint.csv",,
approve,FRA,Lea Vercelotti,Lea Vercellotti,internal,majority-vote,2,"2007/long.csv, 2007/sprint.csv",,
approve,FRA,Lucille Girard,Lucile Girard,internal,majority-vote,2,"2013/long.csv, 2013/sprint.csv",,
approve,FRA,Raoxane Maine,Roxane Maine,internal,majority-vote,2,"2007/relay.csv, 2007/sprint.csv",,
approve,FRA,Toussaint Perrine,Perrine Toussaint,internal,majority-vote,2,"2017/long.csv, 2017/relay.csv",,
approve,FRA,Capuci Vercellotti,Capucine Vercellotti,internal,majority-vote,1,2003/relay.csv,,
approve,FRA,Joseph Feneulil,Joseph Feneuil,internal,majority-vote,1,2006/sprint.csv,,
approve,FRA,Karin D Harreville,Karine D Harreville,internal,majority-vote,1,2003/relay.csv,,
approve,FRA,Magali Cordeiro-Mendes,Magalie Cordeiro-Mendes,internal,majority-vote,1,2007/long.csv,,
approve,FRA,Magalie Cordeiro Mende,Magalie Cordeiro-Mendes,internal,majority-vote,1,2008/long.csv,,
approve,FRA,Magalie Cordeiro Mendes,Magalie Cordeiro-Mendes,internal,majority-vote,1,2008/sprint.csv,,
approve,FRA,Solcne Droin,Solene Droin,internal,majority-vote,1,2014/relay.csv,,
approve,GBR,Carter-Davies Megan,Megan Carter-Davies,internal,majority-vote,3,"2013/long.csv, 2013/relay.csv, 2013/sprint.csv",,
approve,GBR,Jones Sarah,Sarah Jones,internal,majority-vote,3,"2013/long.csv, 2013/relay.csv, 2013/sprint.csv",,
approve,GBR,Joanna Sherperd,Joanna Shepherd,internal,majority-vote,1,2010/relay.csv,,
approve,GBR,Willam Rigg,William Rigg,internal,majority-vote,1,2014/relay.csv,,
approve,GER,Jannika Wetzel,Jannika Wetzlel,internal,majority-vote,3,"2026/long.csv, 2026/relay.csv, 2026/sprint.csv",,
approve,GER,Philipp Muller,Philipp Mueller,internal,majority-vote,3,"2003/long.csv, 2003/relay.csv, 2003/sprint.csv",,
approve,GER,Ann-Charlotte Spangenb,Ann-Charlotte Spangenberg,internal,majority-vote,2,"2015/long.csv, 2015/sprint.csv",,
approve,GER,Ann-Ch Spangenberg,Ann-Charlotte Spangenberg,manual,majority-vote,2,"2015/long.csv, 2015/sprint.csv",,
approve,GER,Charlott Leonhardt,Charlotte Leonhardt,internal,majority-vote,1,2016/relay.csv,,
approve,GER,Christop Mikuschek,Christoph Mikuschek,internal,majority-vote,1,2003/relay.csv,,
approve,GER,Friedric von Uckro,Friedrich von Uckro,internal,majority-vote,1,2016/relay.csv,,
approve,GER,Mare Lehner,Marei Lehner,internal,majority-vote,1,2016/sprint.csv,,
approve,GER,Sylvia Rossberg,Sylva Rossberg,internal,majority-vote,1,2007/sprint.csv,,
approve,GER,Wieland Kundish,Wieland Kundisch,internal,majority-vote,1,2003/relay.csv,,
approve,HUN,Csenge Viniczzai,Csenge Viniczai,internal,majority-vote,3,"2012/long.csv, 2012/relay.csv, 2012/sprint.csv",,
approve,HUN,Petra Kishanti,Kishanti Petra,internal,majority-vote,3,"2018/long.csv, 2018/relay.csv, 2018/sprint.csv",,
approve,HUN,Reka Dalia Pataki,Reka Dalida Pataki,internal,majority-vote,3,"2013/long.csv, 2013/relay.csv, 2013/sprint.csv",,
approve,HUN,Sarkozy Zsofia,Zsofia Sarkozy,internal,majority-vote,3,"2017/long.csv, 2017/relay.csv, 2017/sprint.csv",,
approve,HUN,Vekony Vanda,Vanda Vekony,internal,majority-vote,3,"2017/long.csv, 2017/relay.csv, 2017/sprint.csv",,
approve,HUN,Yvett Hrenko,Ivett Hrenko,internal,majority-vote,3,"2002/long.csv, 2002/relay.csv, 2002/sprint.csv",,
approve,HUN,Kalman Erik,Erik Kalman,internal,majority-vote,2,"2016/long.csv, 2016/sprint.csv",,
approve,HUN,Pataki Reka Dalida,Reka Dalida Pataki,internal,majority-vote,2,"2017/long.csv, 2017/sprint.csv",,
approve,HUN,Adrien Csiszar,Adrienn Csiszar,internal,majority-vote,1,2002/relay.csv,,
approve,HUN,Dalida Pataki Reka,Reka Dalida Pataki,internal,majority-vote,1,2016/sprint.csv,,
approve,HUN,Dalos Mate,Mate Dalos,internal,majority-vote,1,2014/relay.csv,,
approve,HUN,Egei Patrik,Patrik Egei,internal,majority-vote,1,2014/relay.csv,,
approve,HUN,Luka Szuromi,Luca Szuromi,internal,majority-vote,1,2014/relay.csv,,
approve,HUN,Uirag Nagy,Virag Nagy,internal,majority-vote,1,2002/relay.csv,,
approve,HUN,Viniczai Csenge,Csenge Viniczai,internal,majority-vote,1,2014/relay.csv,,
approve,HUN,Zacher Marton,Marton Zacher,internal,majority-vote,1,2014/relay.csv,,
approve,IRL,Eoin Mc Cullough,Eoin McCullough,internal,majority-vote,3,"2012/long.csv, 2012/relay.csv, 2012/sprint.csv",,
approve,IRL,Cliona Mc Cullough,Cliona McCullough,manual,majority-vote,2,"2011/long.csv, 2011/sprint.csv",,
approve,IRL,Cilona Mc Cullough,Cliona McCullough,manual,majority-vote,2,"2011/long.csv, 2011/sprint.csv",,
approve,IRL,Ciliona Mc Cullough,Cliona McCullough,manual,majority-vote,1,2010/relay.csv,,
approve,IRL,Cilona Mc Cullough,Cliona McCullough,manual,majority-vote,1,2010/relay.csv,,
approve,ISR,Manor Itay,Itay Manor,internal,majority-vote,4,"2010/relay.csv, 2012/long.csv, 2012/relay.csv, 2012/sprint.csv",,
approve,ISR,Aram Yaakobi,Aram Yaacobi,internal,majority-vote,3,"2008/long.csv, 2008/relay.csv, 2008/sprint.csv",,
approve,ISR,Nadav Geossar,Nadav Genossar,internal,majority-vote,3,"2015/long.csv, 2015/relay.csv, 2015/sprint.csv",,
approve,ISR,Hila Ayali,Hilla Ayali,internal,majority-vote,2,"2012/long.csv, 2012/relay.csv",,
approve,ISR,Neve Barkai,Neve Barkei,internal,majority-vote,2,"2008/long.csv, 2008/relay.csv",,
approve,ISR,Oz Heyman,Oz Heymann,manual,majority-vote,2,"2013/long.csv, 2013/relay.csv",,
approve,ISR,Avner Asaf,Asaf Avner,internal,majority-vote,1,2010/relay.csv,,
approve,ISR,Avraham Dekel,Dekel Avraham,internal,majority-vote,1,2010/relay.csv,,
approve,ISR,Regev Shaked,Shaked Regev,internal,majority-vote,1,2010/relay.csv,,
approve,ITA,Eleonora Donandini,Eleonora Donadini,internal,majority-vote,3,"2013/long.csv, 2013/relay.csv, 2013/sprint.csv",,
approve,ITA,Jutta Torrgler,Jutta Torggler,internal,majority-vote,3,"2005/long.csv, 2005/relay.csv, 2005/sprint.csv",,
approve,ITA,Anna Giovanneli,Anna Giovanelli,internal,majority-vote,2,"2013/long.csv, 2013/sprint.csv",,
approve,ITA,Minati Alessandra,Alessandra Minati,internal,majority-vote,2,"2016/long.csv, 2016/sprint.csv",,
approve,ITA,Emillio Tamarri,Emilio Tamarri,internal,majority-vote,1,2010/relay.csv,,
approve,LAT,Diana Marta Ruka,Diana-Marta Ruka,internal,majority-vote,3,"2013/long.csv, 2013/relay.csv, 2013/sprint.csv",,
approve,LAT,Emils-Henrijs Taube,Emils Henrijs Taube,internal,majority-vote,3,"2011/long.csv, 2011/relay.csv, 2011/sprint.csv",,
approve,LAT,Eliza Lapina Laura,Laura Eliza Lapina,internal,majority-vote,1,2016/sprint.csv,,
approve,LAT,Emilijaanna Stage,Emilija Anna Stage,internal,majority-vote,1,2016/sprint.csv,,
approve,LAT,Leva Purina,Ieva Purina,internal,majority-vote,1,2003/long.csv,,
approve,LAT,Matins Linde,Martins Linde,internal,majority-vote,1,2002/relay.csv,,
approve,LAT,Renate Rulle Arta,Arta Renate Rulle,internal,majority-vote,1,2016/sprint.csv,,
approve,LAT,Valters Lubnskis,Valters Lubinskis,internal,majority-vote,1,2010/relay.csv,,
approve,LTU,Vytautas Pranskaitis,Vytautas Pranckaitis,internal,majority-vote,5,"2006/long.csv, 2006/relay.csv, 2006/sprint.csv, 2007/long.csv",,
approve,LTU,Bazelis Romas,Romas Bazelis,internal,majority-vote,3,"2017/long.csv, 2017/relay.csv, 2017/sprint.csv",,
approve,LTU,Liegute Ugne,Ugne Liegute,internal,majority-vote,3,"2017/long.csv, 2017/relay.csv, 2017/sprint.csv",,
approve,LTU,Skaisgiryte Auste,Juste Skaisgiryte,internal,majority-vote,3,"2017/long.csv, 2017/relay.csv, 2017/sprint.csv",,
approve,LTU,Skaisgiryte Juste,Juste Skaisgiryte,internal,majority-vote,3,"2017/long.csv, 2017/relay.csv, 2017/sprint.csv",,
approve,LTU,Susinskaite Migle,Migle Susinskaite,internal,majority-vote,3,"2017/long.csv, 2017/relay.csv, 2017/sprint.csv",,
approve,LTU,Andrej Gerasimovas,Andrejus Gerasimovas,internal,majority-vote,1,2003/relay.csv,,
approve,LTU,Edi Martuseviciute,Edita Martuseviciute,internal,majority-vote,1,2003/relay.csv,,
approve,LTU,Gedimin Romancikas,Gediminas Romancikas,internal,majority-vote,1,2003/relay.csv,,
approve,LTU,Giedriu Vidzikauskas,Giedrius Vidzikauskas,internal,majority-vote,1,2005/relay.csv,,
approve,LTU,Kristi Rybakovaite,Kristina Rybakovaite,internal,majority-vote,1,2003/relay.csv,,
approve,LTU,Martynas Germanavi,Martynas Germanavic,internal,majority-vote,1,2012/sprint.csv,,
approve,LTU,Martynas Raugevizius,Martynas Raugevicius,internal,majority-vote,1,2006/sprint.csv,,
approve,LTU,Rokas Vaitikus,Rokas Vaitkus,internal,majority-vote,1,2014/relay.csv,,
approve,LTU,Romualds Stupelis,Romualdas Stupelis,internal,majority-vote,1,2002/relay.csv,,
approve,LTU,Ugne Vasyliote,Ugne Vasyliute,internal,majority-vote,1,2003/relay.csv,,
approve,LTU,Viktori Zacharenko,Viktorija Zacharenko,internal,majority-vote,1,2003/relay.csv,,
approve,MKD,Jovan Todoroski,Jovan Todorovski,internal,majority-vote,1,2014/sprint.csv,,
approve,MKD,Lvana Trajkoska,Ivana Trajkoska,internal,majority-vote,1,2014/relay.csv,,
approve,MKD,Metodi Belcovski,Metodi Belchovski,internal,majority-vote,1,2014/relay.csv,,
approve,MKD,Vase Lliev,Vase Iliev,internal,majority-vote,1,2014/sprint.csv,,
approve,NOR,Elias Mrinvik,Elias Mrlnvik,internal,majority-vote,1,2014/relay.csv,,
approve,NOR,Fjogstad Nielsen Agni,Agni Fjogstad Nielsen,internal,majority-vote,1,2007/relay.csv,,
approve,NOR,Haakon Raadal Birrlo,Haakon Raadal Bjrrlo,internal,majority-vote,1,2014/relay.csv,,
approve,NOR,Haakon Raadal Bjrrlo,Hakon Raadal Bjorlo,manual,majority-vote,1,2014/relay.csv,,
approve,NOR,Ingunn Moian Nydal Britt,Hakon Raadal Bjorlo,manual,majority-vote,1,2007/relay.csv,,
approve,NOR,Katrine Skjerve Elen,Elen Katrine Skjerve,internal,majority-vote,1,2007/relay.csv,,
approve,NOR,Urdal Bakke Morten,Morten Urdal Bakke,internal,majority-vote,1,2007/relay.csv,,
approve,POL,Adran Kopczynski,Adrian Kopczynski,internal,majority-vote,1,2002/relay.csv,,
approve,POL,Anna Marawska,Anna Morawska,internal,majority-vote,1,2010/relay.csv,,
approve,POL,Karoli Stankiewicz,Karolina Stankiewicz,internal,majority-vote,1,2003/relay.csv,,
approve,POL,Karolin Rosochacka,Karolina Rosochacka,internal,majority-vote,1,2016/relay.csv,,
approve,POL,Natalia Ewiakc,Natalia Ewiak,internal,majority-vote,1,2010/relay.csv,,
approve,POR,Ana Goncalves Pache,Ana Goncalves Pacheco,internal,majority-vote,1,2017/relay.csv,,
approve,ROU,Virag Timea,Timea Virag,internal,majority-vote,4,"2014/relay.csv, 2017/long.csv, 2017/relay.csv, 2017/sprint.csv",,
approve,ROU,Bele Felician,Felician Bele,internal,majority-vote,3,"2012/long.csv, 2012/relay.csv, 2012/sprint.csv",,
approve,ROU,Erosdi Zakarias,Zakarias Erosdi,internal,majority-vote,3,"2012/long.csv, 2012/relay.csv, 2012/sprint.csv",,
approve,ROU,Gabor Prezensky,Prezensky Gabor,internal,majority-vote,3,"2013/long.csv, 2013/relay.csv, 2013/sprint.csv",,
approve,ROU,Kentelki Marton,Marton Kentelki,internal,majority-vote,3,"2017/long.csv, 2017/relay.csv, 2017/sprint.csv",,
approve,ROU,Peter Knobloch Esztergar,Peter Knobloch-Esztergar,internal,majority-vote,3,"2015/relay.csv, 2018/long.csv, 2018/relay.csv",,
approve,ROU,Simon Benjamin,Benjamin Simon,internal,majority-vote,3,"2024/long.csv, 2024/relay.csv, 2024/sprint.csv",,
approve,ROU,Bartha Dorottya,Dorottya Bartha,internal,majority-vote,2,"2017/long.csv, 2017/sprint.csv",,
approve,ROU,Benedek Vaszi,Benedec Vaszi,internal,majority-vote,2,"2005/long.csv, 2005/relay.csv",,
approve,ROU,Florin ?Uncu,Florin Tuncu,internal,majority-vote,2,"2007/long.csv, 2007/sprint.csv",,
approve,ROU,Georgescu Alice,Alice Georgescu,internal,majority-vote,2,"2012/long.csv, 2012/relay.csv",,
approve,ROU,Ioana Zahgit,Ioana Zah-Git,internal,majority-vote,2,"2005/long.csv, 2005/sprint.csv",,
approve,ROU,Tamas Denisa,Denisa Tamas,internal,majority-vote,2,"2017/long.csv, 2017/sprint.csv",,
approve,ROU,Tamas Prezensky,Prezensky Tamas,internal,majority-vote,2,"2010/long.csv, 2010/sprint.csv",,
approve,ROU,?Uncu Florin,Florin Tuncu,internal,majority-vote,1,2007/relay.csv,,
approve,ROU,Andrei Otteanu,Andrei Olteanu,internal,majority-vote,1,2005/relay.csv,,
approve,ROU,Dan Cazian Bogdan,Bogdan Dan Cazian,manual,majority-vote,1,2010/relay.csv,,
approve,ROU,Cosmin Valentin Georgesc,Cosmin Valentin Georgescu,manual,majority-vote,1,2008/relay.csv,,
approve,ROU,Cosmin Valentin George,Cosmin Valentin Georgescu,manual,majority-vote,1,2008/sprint.csv,,
approve,ROU,Diana Habina,Daiana Maria Habina,internal,majority-vote,1,2014/relay.csv,,
approve,ROU,Daiana Habina,Daiana Maria Habina,internal,majority-vote,1,2014/relay.csv,,
approve,ROU,Maria Habina Daiana,Daiana Maria Habina,internal,majority-vote,1,2014/relay.csv,,
approve,ROU,Divin Peter,Peter Divin,internal,majority-vote,1,2014/relay.csv,,
approve,ROU,Georgescu Cristian Ionut,Cristian Ionut Georgescu,internal,majority-vote,1,2010/relay.csv,,
approve,ROU,Giorgiana Georgiu Diana,Diana Giorgiana Georgiu,internal,majority-vote,1,2007/relay.csv,,
approve,ROU,Julian Negoita,Iulian Negoita,internal,majority-vote,1,2002/relay.csv,,
approve,ROU,Knobloch-Esztergar Peter,Peter Knobloch-Esztergar,internal,majority-vote,1,2017/long.csv,,
approve,ROU,Madalina Emilia Horvat,Madalina Emilia Horvath,internal,majority-vote,1,2008/long.csv,,
approve,ROU,Marcelin Vasile Giurgi,Marcelin Vasile Giurgica,internal,majority-vote,1,2008/long.csv,,
approve,ROU,Marcelin Giurgica,Marcelin Vasile Giurgica,internal,majority-vote,1,2008/long.csv,,
approve,ROU,Maria Habina Daiana,Daiana Maria Habina,internal,majority-vote,1,2016/sprint.csv,,
approve,ROU,Marian Ciprian,Ciprian Marian,internal,majority-vote,1,2002/relay.csv,,
approve,ROU,Neda Agnes,Agnes Neda,internal,majority-vote,1,2014/relay.csv,,
approve,ROU,Neda Katalin,Katalin Neda,internal,majority-vote,1,2014/relay.csv,,
approve,ROU,Patricia Roxana Carauoan,Patricia Roxana Carausan,internal,majority-vote,1,2007/long.csv,,
approve,ROU,Patricia Roxana Caraus,Patricia Roxana Carausan,internal,majority-vote,1,2008/long.csv,,
approve,ROU,Peter Knobloch Eszterga,Peter Knobloch-Esztergar,internal,majority-vote,1,2015/long.csv,,
approve,ROU,Roxana Carauoan Patricia,Patricia Roxana Carausan,internal,majority-vote,1,2007/relay.csv,,
approve,ROU,Tamas Malin,Malin Tamas,internal,majority-vote,1,2014/relay.csv,,
approve,RUS,Aleksandra Lazareva,Lazareva Aleksandra,internal,majority-vote,3,"2018/long.csv, 2018/relay.csv, 2018/sprint.csv",,
approve,RUS,Sorokin Daniil,Daniil Sorokin,internal,majority-vote,3,"2018/long.csv, 2018/relay.csv, 2018/sprint.csv",,
approve,RUS,Dmitry Nakonechnyy,Dmitriy Nakonechnyy,internal,majority-vote,3,"2008/long.csv, 2008/relay.csv, 2008/sprint.csv",,
approve,RUS,Kudriavtcev Nikolai,Nikolai Kudriavtcev,internal,majority-vote,3,"2017/long.csv, 2017/relay.csv, 2017/sprint.csv",,
approve,RUS,Lazareva Irina,Irina Lazareva,internal,majority-vote,3,"2017/long.csv, 2017/relay.csv, 2017/sprint.csv",,
approve,RUS,Lukashevich Anton,Anton Lukashevich,internal,majority-vote,3,"2017/long.csv, 2017/relay.csv, 2017/sprint.csv",,
approve,RUS,Petrov Semen,Semen Petrov,internal,majority-vote,3,"2017/long.csv, 2017/relay.csv, 2017/sprint.csv",,
approve,RUS,Riazanova Olesia,Olesia Riazanova,internal,majority-vote,3,"2017/long.csv, 2017/relay.csv, 2017/sprint.csv",,
approve,RUS,Smirnova Kristina,Kristina Smirnova,internal,majority-vote,3,"2017/long.csv, 2017/relay.csv, 2017/sprint.csv",,
approve,RUS,Stepanov Dmitrii,Dmitrii Stepanov,internal,majority-vote,3,"2017/long.csv, 2017/relay.csv, 2017/sprint.csv",,
approve,RUS,Kiril Komarov,Kirill Komarov,internal,majority-vote,2,"2014/long.csv, 2014/sprint.csv",,
approve,RUS,Klementyeva Anna,Anna Klementyeva,internal,majority-vote,2,"2017/long.csv, 2017/relay.csv",,
approve,RUS,Aleksei Lurikov,Aleksei Iurikov,internal,majority-vote,1,2014/relay.csv,,
approve,RUS,Alexander Likhnevskiy,Alexandr Likhnevskiy,internal,majority-vote,1,2010/relay.csv,,
approve,RUS,Anton Lukashevic,Anton Lukashevich,internal,majority-vote,1,2015/relay.csv,,
approve,RUS,Ekateri Koltunova,Ekaterina Koltunova,internal,majority-vote,1,2016/relay.csv,,
approve,RUS,Konstant Seleznev,Konstantin Seleznev,internal,majority-vote,1,2016/relay.csv,,
approve,RUS,Laroslava Mediantceva,Iaroslava Mediantceva,internal,majority-vote,1,2014/relay.csv,,
approve,RUS,Natalia Zakharova,Nataliia Zakharova,internal,majority-vote,1,2002/sprint.csv,,
approve,RUS,Nikol Kudriavtcev,Nikolai Kudriavtcev,internal,majority-vote,1,2016/relay.csv,,
approve,RUS,Nin Oleynichenkova,Nina Oleynichenkova,internal,majority-vote,1,2003/relay.csv,,
approve,RUS,Rastegaeva Elizaveta,Elizaveta Rastegaeva,internal,majority-vote,1,2017/sprint.csv,,
approve,RUS,Romanova Anastasi,Romanova Anastasia,internal,majority-vote,1,2017/relay.csv,,
approve,SLO,Barbara Pogaear,Barbara Pogacar,internal,majority-vote,3,"2007/long.csv, 2007/relay.csv, 2007/sprint.csv",,
approve,SLO,Katjsa Poljansek,Katjusa Poljansek,internal,majority-vote,3,"2013/long.csv, 2013/relay.csv, 2013/sprint.csv",,
approve,SLO,Vid Bogovie,Vid Bogovic,internal,majority-vote,3,"2007/long.csv, 2007/relay.csv, 2007/sprint.csv",,
approve,SLO,Andrej Bor?tnik,Andrej Borstnik,internal,majority-vote,2,"2010/long.csv, 2010/sprint.csv",,
approve,SLO,Marko Ore?nik,Marko Oresnik,internal,majority-vote,2,"2010/long.csv, 2010/sprint.csv",,
approve,SLO,Polona Jazersek,Polona Jezersek,internal,majority-vote,2,"2016/long.csv, 2016/sprint.csv",,
approve,SLO,Tajda Fo?ki,Tajda Foski,internal,majority-vote,2,"2010/long.csv, 2010/sprint.csv",,
approve,SLO,Aan Ravnikar,Zan Ravnikar,internal,majority-vote,1,2017/relay.csv,,
approve,SLO,Aljat Borstnik,Aljaz Borstnik,internal,majority-vote,1,2011/relay.csv,,
approve,SLO,Blat Petrovic,Blaz Petrovic,internal,majority-vote,1,2011/relay.csv,,
approve,SRB,Damjan Babia,Damjan Babic,internal,majority-vote,3,"2007/long.csv, 2007/relay.csv, 2007/sprint.csv",,
approve,SRB,Dusan Krnjajic,Dusan Krnjaic,internal,majority-vote,3,"2012/long.csv, 2012/relay.csv, 2012/sprint.csv",,
approve,SRB,Maja Karia,Maja Karic,internal,majority-vote,3,"2007/long.csv, 2007/relay.csv, 2007/sprint.csv",,
approve,SRB,Ana Jankovia,Ana Jankovic,internal,majority-vote,2,"2007/long.csv, 2007/sprint.csv",,
approve,SRB,Djordje Arizanovia,Djordje Arizanovic,manual,majority-vote,2,"2008/long.csv, 2008/sprint.csv",,
approve,SRB,Tadija Trifunovia,Tadija Trifunovic,internal,majority-vote,2,"2007/long.csv, 2007/relay.csv",,
approve,SRB,Bojan Minjas,Bojan Munjas,internal,majority-vote,1,2006/sprint.csv,,
approve,SUI,Eveline Schaerli,Eveline Scharli,internal,majority-vote,3,"2010/long.csv, 2010/relay.csv, 2010/sprint.csv",,
approve,SUI,Jerome Kaser,Jerome Kaeser,manual,majority-vote,2,"2003/long.csv, 2003/sprint.csv",,
approve,SUI,Andrin Grindler,Andrin Grundler,internal,majority-vote,1,2014/relay.csv,,
approve,SUI,Hanna Miller,Hanna Muller,internal,majority-vote,1,2014/relay.csv,,
approve,SUI,Maiann Suhner,Maianne Suhner,internal,majority-vote,1,2003/relay.csv,,
approve,SUI,Mathys Christian,Christian Mathys,internal,majority-vote,1,2002/sprint.csv,,
approve,SUI,Myriam Fluhmann,Myriam Fluehmann,manual,majority-vote,1,2003/sprint.csv,,
approve,SUI,Sebastian Hagler,Sebastian Haegler,internal,majority-vote,1,2002/relay.csv,,
approve,SUI,Valerie Aebische,Valerie Aebischer,internal,majority-vote,1,2015/relay.csv,,
approve,SVK,Feder Medard,Medard Feder,internal,majority-vote,3,"2015/long.csv, 2015/relay.csv, 2015/sprint.csv",,
approve,SVK,Jana Krsakova,Jana Krsiakova,internal,majority-vote,1,2002/relay.csv,,
approve,SVK,Maria Krsakova,Maria Krsiakova,internal,majority-vote,1,2002/relay.csv,,
approve,SVK,Sonia Berzinska,Sona Berzinska,internal,majority-vote,1,2002/relay.csv,,
approve,SVK,Szabo Rastislav,Rastislav Szabo,internal,majority-vote,1,2002/relay.csv,,
approve,SVK,Ubka Weissova,Lubka Weissova,internal,majority-vote,1,2017/sprint.csv,,
approve,SWE,Bjorklund Amilia,Amilia Bjorklund,internal,majority-vote,1,2010/relay.csv,,
approve,SWE,Gabriell Bergander,Gabriella Bergander,internal,majority-vote,1,2016/relay.csv,,
approve,SWE,Wangdahl Jens,Jens Wangdahl,internal,majority-vote,1,2010/relay.csv,,
approve,TUR,Humeyara Altinisik,Humeyra Altinisik,internal,majority-vote,3,"2015/long.csv, 2015/relay.csv, 2015/sprint.csv",,
approve,TUR,Can Cakan Kadir,Kadir Can Cakan,internal,majority-vote,1,2016/sprint.csv,,
approve,TUR,Gokce Avci Elif,Elif Gokce Avci,internal,majority-vote,1,2016/sprint.csv,,
approve,TUR,Merve Ates Serdem,Serdem Merve Ates,internal,majority-vote,1,2016/sprint.csv,,
approve,TUR,Rehime Sozbir,Rahime Sozbir,internal,majority-vote,1,2014/relay.csv,,
approve,TUR,Vehbi Karatasli Muhammed,Muhammed Vehbi Karatasli,internal,majority-vote,1,2016/sprint.csv,,
approve,UKR,Anriy Polovinko,Andriy Polovinko,internal,majority-vote,3,"2008/long.csv, 2008/relay.csv, 2008/sprint.csv",,
approve,UKR,Griaziev Bohdan,Bohdan Griaziev,internal,majority-vote,3,"2017/long.csv, 2017/relay.csv, 2017/sprint.csv",,
approve,UKR,Irina Dryutova,Iryna Dryutova,internal,majority-vote,3,"2006/long.csv, 2006/relay.csv, 2006/sprint.csv",,
approve,UKR,Kotliar Polina,Polina Kotliar,internal,majority-vote,3,"2014/relay.csv, 2017/long.csv, 2017/sprint.csv",,
approve,UKR,Myroniuk Alina,Alina Myroniuk,internal,majority-vote,3,"2017/long.csv, 2017/relay.csv, 2017/sprint.csv",,
approve,UKR,Nina Kuznetcova,Nina Kuznetsova,internal,majority-vote,3,"2012/long.csv, 2012/relay.csv, 2012/sprint.csv",,
approve,UKR,Oleksiy Byshevets`,Oleksiy Byshevets,internal,majority-vote,3,"2009/long.csv, 2009/relay.csv, 2009/sprint.csv",,
approve,UKR,Volodymyr Selezn`ov,Volodymyr Seleznov,internal,majority-vote,3,"2009/long.csv, 2009/relay.csv, 2009/sprint.csv",,
approve,UKR,Anastasiya Danylova,Anastasiya Danilova,internal,majority-vote,2,"2005/long.csv, 2005/sprint.csv",,
approve,UKR,Oleksii Byshevets,Oleksiy Byshevets,internal,majority-vote,2,"2011/long.csv, 2011/sprint.csv",,
approve,UKR,Olena Srtuhalova,Olena Struhalova,internal,majority-vote,2,"2003/long.csv, 2003/sprint.csv",,
approve,UKR,Piddubnyi Mykhailo,Mykhailo Piddubnyi,internal,majority-vote,2,"2017/long.csv, 2017/relay.csv",,
approve,UKR,Surkova Polina,Polina Surkova,internal,majority-vote,2,"2017/long.csv, 2017/sprint.csv",,
approve,UKR,Vitaly Gychko,Vitaliy Gychko,internal,majority-vote,2,"2010/long.csv, 2010/relay.csv",,
approve,UKR,Yevhen Fesenko,Yevgen Fesenko,internal,majority-vote,2,"2008/relay.csv, 2008/sprint.csv",,
approve,UKR,Yiulya Kobets,Yiuliya Kobets,internal,majority-vote,2,"2014/long.csv, 2014/sprint.csv",,
approve,UKR,Anzhela Tkachenk,Anzhela Tkachenko,internal,majority-vote,1,2015/relay.csv,,
approve,UKR,Denis Zabayev,Denys Zabayev,internal,majority-vote,1,2002/relay.csv,,
approve,UKR,Efimenko Igor,Igor Efimenko,internal,majority-vote,1,2014/relay.csv,,
approve,UKR,Kotok Natalia,Natalia Kotok,internal,majority-vote,1,2010/long.csv,,
approve,UKR,Maryna Palashecska,Maryna Palashevska,internal,majority-vote,1,2006/sprint.csv,,
approve,UKR,Myroniukalina,Alina Myroniuk,internal,majority-vote,1,2016/sprint.csv,,
approve,UKR,Oleksand Parkhomenko,Oleksandra Parkhomenko,internal,majority-vote,1,2005/relay.csv,,
approve,UKR,Olena Postelnyak,Olena Postelniak,internal,majority-vote,1,2010/relay.csv,,
approve,UKR,Samoilenko Kostiant,Konstiantyn Samoilenko,manual,majority-vote,1,2017/relay.csv,,
approve,UKR,Samoilenko Kostiantyn,Konstiantyn Samoilenko,manual,majority-vote,1,2017/relay.csv,,
approve,UKR,Konstia Samoilenko,Konstiantyn Samoilenko,manual,majority-vote,1,2017/relay.csv,,
approve,UKR,Tkachenko Anzhela,Anzhela Tkachenko,internal,majority-vote,1,2014/relay.csv,,
approve,UKR,Yaroslav Trygubyak,Yaroslava Trygubyak,internal,majority-vote,1,2003/relay.csv,,
approve,UKR,Yevgen Kandybey,Yevgen Kandibey,internal,majority-vote,1,2002/sprint.csv,,